x,w,w_ref
0.0,0.0,5.415632575119997e-05
0.001001001001001,0.0,6.001474404180012e-05
0.002002002002002,0.0,6.587316233240027e-05
0.003003003003003,0.0,7.173158062299956e-05
0.004004004004004,0.0,7.697902735660008e-05
0.005005005005005,0.0,8.21416773260997e-05
0.006006006006006,0.0,8.73043272956002e-05
0.007007007007007,0.0,9.202421529350049e-05
0.008008008008008,0.0,9.660139488740054e-05
0.009009009009009,0.0,0.00010117857448119997
0.01001001001001,0.0,0.00010544392051379994
0.011011011011011,0.0,0.00010952953981399963
0.012012012012012,0.0,0.00011361515911420018
0.013013013013013,0.0,0.00011749028411200003
0.014014014014014,0.0,0.00012116518282180057
0.015015015015015,0.0,0.00012484008153179973
0.016016016016016,0.0,0.00012838208381999935
0.017017017017017,0.0,0.00013171676769020008
0.018018018018018,0.0,0.0001350514515606003
0.019019019019019,0.0,0.00013831149504620055
0.02002002002002,0.0,0.00014136844725280012
0.021021021021021,0.0,0.0001444253994592002
0.022022022022022,0.0,0.00014744985479659984
0.023023023023023,0.0,0.0001502855517233996
0.024024024024024,0.0,0.0001531212486503
0.025025025025025,0.0,0.00015595272179650017
0.026026026026026,0.0,0.00015861946749930016
0.027027027027027,0.0,0.00016128621320199953
0.028028028028028,0.0,0.0001639529589047995
0.029029029029029,0.0,0.00016651218154500012
0.03003003003003,0.0,0.00016905987056950022
0.031031031031031,0.0,0.00017160755959400031
0.032032032032032,0.0,0.00017410074544069957
0.033033033033033,0.0,0.00017657867039770018
0.034034034034034,0.0,0.00017905659535469992
0.035035035035035,0.0,0.00018152193680950023
0.036036036036036,0.0,0.00018398077778200052
0.037037037037037,0.0,0.00018643961875449994
0.038038038038038,0.0,0.0001889174506165001
0.039039039039039,0.0,0.0001914116234766998
0.04004004004004,0.0,0.0001939057963367
0.041041041041041,0.0,0.00019644005078230022
0.042042042042042,0.0,0.00019903066053950005
0.043043043043043,0.0,0.00020162127029679962
0.044044044044044,0.0,0.00020426127432679984
0.045045045045045,0.0,0.00020702003479959943
0.046046046046046,0.0,0.0002097787952723999
0.047047047047047,0.0,0.00021258154060070037
0.048048048048048,0.0,0.00021559621296050012
0.049049049049049,0.0,0.00021861088532029987
0.05005005005005,0.0,0.00022164393522310002
0.051051051051051,0.0,0.0002250261584465004
0.052052052052052,0.0,0.00022840838167000055
0.053053053053053,0.0,0.00023179060489349982
0.054054054054054,0.0,0.00023565054137229986
0.055055055055055,0.0,0.00023954747248030022
0.056056056056056,0.0,0.0002434444035882997
0.057057057057057,0.0,0.00024791795837510004
0.058058058058058,0.0,0.00025253008164270035
0.059059059059059,0.0,0.00025714220491050016
0.06006006006006,0.0,0.00026243653059429984
0.061061061061061,0.0,0.00026804547931010003
0.062062062062062,0.0,0.00027365442802599997
0.063063063063063,0.0,0.0002800520521790001
0.064064064064064,0.0,0.0002870630905607999
0.065065065065065,0.0,0.0002940741289425997
0.066066066066066,0.0,0.0003019224850492998
0.067067067067067,0.0,0.00031083381897690013
0.068068068068068,0.0,0.0003197451529046002
0.069069069069069,0.0,0.00032939978694859935
0.07007007007007,0.0,0.0003406430428101997
0.071071071071071,0.0,0.0003518862986718
0.072072072072072,0.0,0.00036370727993999957
0.073073073073073,0.0,0.00037788501405719953
0.074074074074074,0.0,0.0003920627481743995
0.075075075075075,0.0,0.0004065285007413995
0.076076076076076,0.0,0.00042454648085660067
0.077077077077077,0.0,0.00044256446097189987
0.078078078078078,0.0,0.0004605824410871002
0.079079079079079,0.0,0.0004835777620571004
0.08008008008008,0.0,0.0005068178702822002
0.081081081081081,0.0,0.0005300579785074006
0.082082082082082,0.0,0.0005594523698718001
0.083083083083083,0.0,0.0005900961269861994
0.084084084084084,0.0,0.0006207398841006004
0.085085085085085,0.0,0.0006591724976889
0.086086086086086,0.0,0.0007007961405813999
0.087087087087087,0.0,0.0007424197834740003
0.088088088088088,0.0,0.0007940636559823997
0.089089089089089,0.0,0.0008527430088594006
0.09009009009009,0.0,0.0009114223617363998
0.091091091091091,0.0,0.0009829030802821995
0.092092092092092,0.0,0.0010690752990250001
0.093093093093093,0.0,0.0011552475177678996
0.094094094094094,0.0,0.0012569971522764
0.095095095095095,0.0,0.0013884854896101997
0.096096096096096,0.0,0.0015199738269441
0.097097097097097,0.0,0.0016638418336215998
0.098098098098098,0.0,0.0018511258637722
0.099099099099099,0.0,0.0020384098939227003
0.1001001001001,0.0,0.0022255220901519998
0.1011011011011,0.0,0.0024110877810902
0.1021021021021,0.0,0.0025966534720284
0.1031031031031,0.0,0.0027822191629665
0.1041041041041,0.0,0.0029238054398742
0.10510510510511,0.0,0.0030644081516117997
0.10610610610611,0.0,0.0032050108633494
0.10710710710711,0.0,0.0033150846506664004
0.10810810810811,0.0,0.0034200331441024997
0.10910910910911,0.0,0.0035249816375386
0.11011011011011,0.0,0.0036168414960016
0.11111111111111,0.0,0.0037039671673465995
0.11211211211211,0.0,0.0037910928386917
0.11311311311311,0.0,0.0038712173636196
0.11411411411411,0.0,0.0039469125918347
0.11511511511512,0.0,0.0040226078200499005
0.11611611611612,0.0,0.00409450843617
0.11711711711712,0.0,0.0041624694231724
0.11811811811812,0.0,0.0042304304101748996
0.11911911911912,0.0,0.0042962863973419006
0.12012012012012,0.0,0.0043585389102145
0.12112112112112,0.0,0.004420791423087
0.12212212212212,0.0048912789092207,0.0044819475326435005
0.12312312312312,0.0049010625939875,0.00453975891816
0.12412412412412,0.0049108462787543,0.0045975703036765
0.12512512512513,0.0049207393069668,0.004654930058722
0.12612612612613,0.0049313977392988,0.0047091284004712
0.12712712712713,0.0049420561716308,0.004763326742220301
0.12812812812813,0.004952717688988,0.0048175155913068
0.12912912912913,0.0049643633293857,0.0048686762810314
0.13013013013013,0.0049760089697835,0.004919836970756
0.13113113113113,0.0049876546101813,0.0049709976604806
0.13213213213213,0.0050002305698926,0.0050198492363762
0.13313313313313,0.0050129318917809,0.005068389655089
0.13413413413413,0.0050256332136692,0.005116930073801899
0.13513513513514,0.0050392023184319,0.0051637198188824
0.13613613613614,0.0050530463996609,0.0052099548237584
0.13713713713714,0.0050668904808898,0.0052561898286343
0.13813813813814,0.0050815063664265,0.005301111546712
0.13913913913914,0.0050965611210793,0.0053452864938653005
0.14014014014014,0.0051116158757321,0.0053894614410186
0.14114114114114,0.0051273162124492,0.0054326755483764
0.14214214214214,0.005143623005045,0.0054749870486537
0.14314314314314,0.0051599297976407,0.005517298548930899
0.14414414414414,0.005176744959533,0.0055589398424143
0.14514514514515,0.0051943428487546,0.005599549230199
0.14614614614615,0.0052119407379763,0.0056401586179837
0.14714714714715,0.0052299116116908,0.0056803419726480005
0.14814814814815,0.0052488813978976,0.0057193843420587
0.14914914914915,0.0052678511841043,0.0057584267114693
0.15015015015015,0.0052870471110212,0.005797251291119099
0.15115115115115,0.0053075245019623,0.005834841728789299
0.15215215215215,0.0053280018929033,0.0058724321664597
0.15315315315315,0.0053485261792814,0.005909984566679799
0.15415415415415,0.0053706709635375,0.0059462225616751
0.15515515515516,0.0053928157477937,0.0059824605566704
0.15615615615616,0.0054149605320499,0.0060186985516657
0.15715715715716,0.0054387490425287,0.0060537898150446
0.15815815815816,0.0054627075936512,0.006088762451014899
0.15915915915916,0.0054866661447737,0.0061237350869852
0.16016016016016,0.0055121373361707,0.0061577756332327005
0.16116116116116,0.0055380243529818,0.0061915599476441
0.16216216216216,0.0055639113697929,0.006225344262055601
0.16316316316316,0.0055911276722826,0.0062583868725054
0.16416416416416,0.0056190211580425,0.006291051633767199
0.16516516516517,0.0056469146438024,0.006323716395029199
0.16616616616617,0.0056759105433704,0.006355809341849401
0.16716716716717,0.0057058431760585,0.0063874164116586
0.16816816816817,0.0057357758087465,0.0064190234814675996
0.16916916916917,0.0057665499971147,0.0064502110999012
0.17017017017017,0.0057984923150089,0.006480816494783199
0.17117117117117,0.0058304346329031,0.006511421889665401
0.17217217217217,0.0058629423510142,0.0065417450562622
0.17317317317317,0.0058967891749022,0.0065713997874466005
0.17417417417417,0.0059306359987901,0.006601054518630901
0.17517517517518,0.0059647837848298,0.006630551052672599
0.17617617617618,0.0060003503924419,0.0066593018001842
0.17717717717718,0.006035917000054,0.0066880525476958
0.17817817817818,0.006071561038747,0.0067167575499885
0.17917917917918,0.0061085851725894,0.0067446472110254
0.18018018018018,0.0061456093064319,0.0067725368720622
0.18118118118118,0.0061826334402743,0.006800426533098999
0.18218218218218,0.0062207033225275,0.0068275511533345
0.18318318318318,0.0062588504076836,0.0068546192940478
0.18418418418418,0.0062969974928396,0.0068816874347611
0.18518518518519,0.0063357314494044,0.006908120290065701
0.18618618618619,0.0063746036266485,0.006934403522165801
0.18718718718719,0.0064134758038927,0.0069606867542659
0.18818818818819,0.0064525386561413,0.006986453719260301
0.18918918918919,0.0064916881788465,0.0070119860173881
0.19019019019019,0.0065308377015518,0.0070375183155161
0.19119119119119,0.0065698726650342,0.0070626437447206996
0.19219219219219,0.0066088196520969,0.0070874567165755
0.19319319319319,0.0066477666391596,0.0071122696884300994
0.19419419419419,0.0066864061684112,0.0071367765377867
0.1951951951952,0.0067246602928009,0.0071608996561245
0.1961961961962,0.0067629144171907,0.0071850227744624
0.1971971971972,0.0068007922930284,0.0072089327102151
0.1981981981982,0.0068378774898775,0.0072323935137255
0.1991991991992,0.0068749626867267,0.007255854317235799
0.2002002002002,0.0069117269960887,0.007279187813743801
0.2012012012012,0.0069472077555022,0.007302012082242001
0.2022022022022,0.0069826885149156,0.0073248363507403
0.2032032032032,0.0070180151001369,0.0073476127785913
0.2042042042042,0.0070515224298899,0.0073698246868046
0.20520520520521,0.007085029759643,0.0073920365950178
0.20620620620621,0.007118537089396,0.007414248503231
0.20720720720721,0.0071498904125735,0.007435896553973201
0.20820820820821,0.0071811451864305,0.0074575188073149
0.20920920920921,0.0072123999602874,0.0074791410606565994
0.21021021021021,0.0072416325929276,0.0075002891401243
0.21121121121121,0.0072704638267495,0.007521343095190199
0.21221221221221,0.0072992950605713,0.007542397050256
0.21321321321321,0.0073263624787371,0.007563060424892
0.21421421421421,0.0073527181818137,0.007583566196898601
0.21521521521522,0.0073790738848902,0.007604071968904999
0.21621621621622,0.0074040079502246,0.0076242651744745996
0.21721721721722,0.0074279566476001,0.0076442417334662005
0.21821821821822,0.0074519053449757,0.007664218292457801
0.21921921921922,0.0074748102018213,0.0076839551788016
0.22022022022022,0.0074965320393995,0.0077034204361443
0.22122122122122,0.0075182538769777,0.007722885693486999
0.22222222222222,0.0075392978009996,0.0077421794659202
0.22322322322322,0.0075590652931904,0.0077611503523525
0.22422422422422,0.0075788327853812,0.007780121238784799
0.22522522522523,0.0075982363076789,0.0077989844964399995
0.22622622622623,0.0076163861559002,0.0078174770327528
0.22722722722723,0.0076345360041215,0.007835969569065598
0.22822822822823,0.0076525568389622,0.007854414340450599
0.22922922922923,0.0076694556483421,0.007872443701708
0.23023023023023,0.0076863544577221,0.0078904730629655
0.23123123123123,0.007703253267102,0.007908502424222998
0.23223223223223,0.0077192778700579,0.007926091413058601
0.23323323323323,0.0077352857684325,0.007943671987134599
0.23423423423423,0.007751293666807,0.007961252561210701
0.23523523523524,0.0077668108132188,0.0079784591928805
0.23623623623624,0.0077822476547638,0.007995604633974699
0.23723723723724,0.0077976844963089,0.0080127500750689
0.23823823823824,0.0078128867653473,0.008029584170660901
0.23923923923924,0.0078280055424765,0.008046307448362301
0.24024024024024,0.0078431243196057,0.0080630307260638
0.24124124124124,0.0078581522227083,0.0080795017001315
0.24224224224224,0.0078731233872053,0.0080958151445191
0.24324324324324,0.0078880945517024,0.008112128588906701
0.24424424424424,0.0079030348545251,0.0081282454708329
0.24524524524525,0.0079179435143652,0.0081441608140327
0.24624624624625,0.0079328521742053,0.008160076157232701
0.24724724724725,0.007947741132005,0.008175847611345401
0.24824824824825,0.0079625968115683,0.0081913760259077
0.24924924924925,0.0079774524911317,0.008206904440469901
0.25025025025025,0.0079922833237221,0.008222338784993899
0.25125125125125,0.0080070396153935,0.008237490919403699
0.25225225225225,0.008021795907065,0.0082526430538133
0.25325325325325,0.0080365295553892,0.008267748278737299
0.25425425425425,0.0080511091184971,0.0082825342903321
0.25525525525526,0.0080656886816051,0.0082973203019271
0.25625625625626,0.0080802666193185,0.0083121040858591
0.25725725725726,0.0080945861193142,0.0083265336713937
0.25825825825826,0.0081089056193099,0.0083409632569281
0.25925925925926,0.0081232251193055,0.0083553928424627
0.26026026026026,0.0081372532382637,0.0083695154070699
0.26126126126126,0.0081512432614678,0.008383597831131899
0.26226226226226,0.008165233284672,0.0083976802551939
0.26326326326326,0.0081789386176312,0.0084115047235255
0.26426426426426,0.0081925552765796,0.0084252488449901
0.26526526526527,0.008206171935528,0.0084389929664549
0.26626626626627,0.0082195392222224,0.008452525793917701
0.26726726726727,0.0082327666171644,0.0084659400905989
0.26826826826827,0.0082459940121064,0.0084793543872801
0.26926926926927,0.0082590231301428,0.0084926017994693
0.27027027027027,0.0082718683045438,0.008505694391105899
0.27127127127127,0.0082847134789448,0.008518786982742499
0.27227227227227,0.0082974152094188,0.0085317549866115
0.27327327327327,0.0083098989503028,0.008544533656313701
0.27427427427427,0.0083223826911869,0.0085573123260159
0.27527527527528,0.008334773904036,0.0085700067204709
0.27627627627628,0.0083469211793382,0.0085824789347283
0.27727727727728,0.0083590684546405,0.008594951148985699
0.27827827827828,0.0083711676019554,0.008607377534934499
0.27927927927928,0.0083830005720345,0.0086195504622779
0.28028028028028,0.0083948335421136,0.0086317233896213
0.28128128128128,0.0084066571965543,0.0086438871794973
0.28228228228228,0.0084181920662054,0.008655767707889301
0.28328328328328,0.0084297269358565,0.008667648236281099
0.28428428428428,0.0084412618055075,0.0086795287646729
0.28528528528529,0.0084525351285696,0.0086911494160859
0.28628628628629,0.0084637823868512,0.0087027441691057
0.28728728728729,0.0084750296451329,0.0087143389221255
0.28828828828829,0.0084860558222585,0.0087257136467477
0.28928928928929,0.0084970223425642,0.008737028998627501
0.29029029029029,0.00850798886287,0.0087483443505073
0.29129129129129,0.0085187722158787,0.0087594778121549
0.29229229229229,0.0085294635552687,0.0087705199017143
0.29329329329329,0.0085401548946587,0.008781561991273501
0.29429429429429,0.0085506996988487,0.0087924587114269
0.2952952952953,0.0085611215482157,0.0088032334549523
0.2962962962963,0.0085715433975828,0.0088140081984778
0.2972972972973,0.0085818541821999,0.0088246725624545
0.2982982982983,0.0085920127669746,0.0088351856655679
0.2992992992993,0.0086021713517492,0.0088456987686815
0.3003003003003,0.0086122529078516,0.008856135031428701
0.3013013013013,0.0086221547303853,0.0088663919999883
0.3023023023023,0.008632056552919,0.008876648968547899
0.3033033033033,0.0086419137767986,0.008886861260065701
0.3043043043043,0.0086515652209236,0.0088968674101463
0.30530530530531,0.0086612166650486,0.008906873560226701
0.30630630630631,0.008670854365242,0.008916865890634201
0.30730730730731,0.0086802614728049,0.0089266263576403
0.30830830830831,0.0086896685803678,0.0089363868246463
0.30930930930931,0.0086990756879307,0.008946147291652499
0.31031031031031,0.0087082598014212,0.0089556828358722
0.31131131131131,0.0087174282531206,0.0089652025828393
0.31231231231231,0.00872659670482,0.008974722329806499
0.31331331331331,0.008735575629828,0.0089840503902933
0.31431431431431,0.0087445108179071,0.0089933342154386
0.31531531531532,0.0087534460059863,0.009002618040583901
0.31631631631632,0.0087622236646353,0.009011742136904099
0.31731731731732,0.0087709307558021,0.009020794680492699
0.31831831831832,0.0087796378469688,0.0090298472240814
0.31931931931932,0.0087882180321944,0.009038770779156099
0.32032032032032,0.0087967019920358,0.009047596529753201
0.32132132132132,0.0088051859518773,0.0090564222803503
0.32232232232232,0.0088135723308889,0.0090651486234159
0.32332332332332,0.0088218379280343,0.009073751923592999
0.32432432432432,0.0088301035251796,0.0090823552237701
0.32532532532533,0.0088382996416034,0.009090887593149001
0.32632632632633,0.0088463514519135,0.009099272644716199
0.32732732732733,0.0088544032622236,0.0091076576962834
0.32832832832833,0.0088624125392051,0.0091159992419823
0.32932932932933,0.0088702549546668,0.0091241701108132
0.33033033033033,0.0088780973701285,0.0091323409796442
0.33133133133133,0.0088859231149813,0.0091404947657993
0.33233233233233,0.0088935603537182,0.009148455386312399
0.33333333333333,0.0089011975924552,0.009156416006825398
0.33433433433433,0.0089088348311921,0.009164376627338499
0.33533533533534,0.0089162791168228,0.0091721391933644
0.33633633633634,0.0089237152318007,0.009179893372718202
0.33733733733734,0.0089311513467786,0.0091876475520721
0.33833833833834,0.0089384222830794,0.0091952319221875
0.33933933933934,0.0089456611697862,0.0092027833442417
0.34034034034034,0.0089529000564929,0.009210334766295899
0.34134134134134,0.0089600004818057,0.0092177436408816
0.34234234234234,0.0089670458853418,0.009225095869966799
0.34334334334334,0.008974091288878,0.009232448099052
0.34434434434434,0.0089810239501554,0.0092396841048096
0.34534534534535,0.0089878794719928,0.009246840589343
0.34634634634635,0.0089947349938301,0.009253997073876401
0.34734734734735,0.0090015025499433,0.009261062765622202
0.34834834834835,0.0090081716543521,0.009268026841599001
0.34934934934935,0.0090148407587608,0.009274990917575901
0.35035035035035,0.009021445783661,0.009281888779994599
0.35135135135135,0.0090279318037599,0.0092886636743769
0.35235235235235,0.0090344178238587,0.009295438568759199
0.35335335335335,0.0090408628096005,0.0093021710181216
0.35435435435435,0.0090471689530656,0.0093087598521428
0.35535535535536,0.0090534750965307,0.009315348686164
0.35635635635636,0.0090597624561696,0.009321918072012401
0.35735735735736,0.0090658918106826,0.009328323864408
0.35835835835836,0.0090720211651956,0.009334729656803799
0.35935935935936,0.0090781505197086,0.009341135449199602
0.36036036036036,0.0090841087740212,0.009347363933783
0.36136136136136,0.0090900643124577,0.009353589603956599
0.36236236236236,0.0090960198508941,0.0093598152741304
0.36336336336336,0.0091018279422527,0.0093658880238748
0.36436436436436,0.0091076125275554,0.009371936394999999
0.36536536536537,0.0091133971128581,0.0093779847661254
0.36636636636637,0.0091190571285576,0.0093839038470366
0.36736736736737,0.0091246735186154,0.009389777649096601
0.36836836836837,0.0091302899086731,0.0093956514511566
0.36936936936937,0.0091358038720258,0.0094014188719623
0.37037037037037,0.0091412547239744,0.0094071207447223
0.37137137137137,0.0091467055759229,0.0094128226174823
0.37237237237237,0.0091520754485632,0.009418440331118001
0.37337337337337,0.0091573633232877,0.0094239728270241
0.37437437437437,0.0091626511980121,0.009429505322930201
0.37537537537538,0.0091678788820303,0.009434975227994101
0.37637637637638,0.0091730062482049,0.009440340814987801
0.37737737737738,0.0091781336143795,0.0094457064019815
0.37837837837838,0.0091832209544078,0.0094510303441524
0.37937937937938,0.0091881901925971,0.0094562314083892
0.38038038038038,0.0091931594307863,0.009461432472625899
0.38138138138138,0.0091981082160245,0.0094666122460415
0.38238238238238,0.0092029216222058,0.0094716510944977
0.38338338338338,0.0092077350283871,0.0094766899429539
0.38438438438438,0.0092125469944113,0.0094817272915459
0.38538538538539,0.0092172067838394,0.0094866061544976
0.38638638638639,0.0092218665732676,0.0094914850174493
0.38738738738739,0.0092265263626958,0.0094963638804009
0.38838838838839,0.0092310517143599,0.0095011026695873
0.38938938938939,0.0092355600246173,0.0095058237029441
0.39039039039039,0.0092400683348747,0.0095105447363011
0.39139139139139,0.0092444622484978,0.0095151465267189
0.39239239239239,0.009248821142743,0.0095197118141963
0.39339339339339,0.0092531800369881,0.0095242771016737
0.39439439439439,0.0092574440266936,0.0095287434239411
0.3953953953954,0.0092616554964109,0.0095331549790535
0.3963963963964,0.0092658669661283,0.0095375665341659
0.3973973973974,0.0092700025018053,0.0095418988753086
0.3983983983984,0.0092740684691698,0.0095461586431736
0.3993993993994,0.0092781344365344,0.0095504184110387
0.4004004004004,0.0092821429450743,0.0095546182153345
0.4014014014014,0.0092860652653774,0.0095587280742766
0.4024024024024,0.0092899875856805,0.0095628379332187
0.4034034034034,0.0092938704519485,0.0095669066029632
0.4044044044044,0.0092976509150468,0.0095708683659137
0.40540540540541,0.0093014313781451,0.0095748301288643
0.40640640640641,0.0093051899458072,0.0095787690250561
0.40740740740741,0.0093088302781135,0.0095825844407504
0.40840840840841,0.0093124706104199,0.009586399856444801
0.40940940940941,0.0093161061829192,0.009590210299392601
0.41041041041041,0.00931960804811,0.009593881053370399
0.41141141141141,0.0093231099133008,0.0095975518073482
0.41241241241241,0.0093266117784916,0.009601222561326
0.41341341341341,0.009329988754388,0.009604762792621001
0.41441441441441,0.0093333537545987,0.009608290508042199
0.41541541541542,0.0093367187548093,0.0096118182234634
0.41641641641642,0.0093399767646427,0.0096152340835304
0.41741741741742,0.0093432064410561,0.0096186203218238
0.41841841841842,0.0093464361174694,0.009622006560117
0.41941941941942,0.0093495762862516,0.0096252991888388
0.42042042042042,0.0093526721194782,0.0096285454502028
0.42142142142142,0.0093557679527047,0.009631791711566801
0.42242242242242,0.0093587913671882,0.0096349622101904
0.42342342342342,0.0093617547775703,0.009638069933972199
0.42442442442442,0.0093647181879524,0.0096411776577538
0.42542542542543,0.0093676258966792,0.0096442270890432
0.42642642642643,0.009370458244343,0.009647197654019399
0.42742742742743,0.0093732905920069,0.0096501682189958
0.42842842842843,0.0093760836054162,0.009653097607354
0.42942942942943,0.0093787861905911,0.009655932331941
0.43043043043043,0.009381488775766,0.009658767056528
0.43143143143143,0.0093841680662299,0.0096615773880968
0.43243243243243,0.0093867421288609,0.0096642775305142
0.43343343343343,0.009389316191492,0.009666977672931601
0.43443443443443,0.0093918826931663,0.0096696698956736
0.43543543543544,0.0093943294133667,0.0096722366540854
0.43643643643644,0.0093967761335672,0.009674803412497301
0.43743743743744,0.0093992228537677,0.0096773701709092
0.43843843843844,0.0094015512405056,0.009679812948924
0.43943943943944,0.0094038717383461,0.009682247461579
0.44044044044044,0.0094061922361865,0.009684681974234001
0.44144144144144,0.0094084106486085,0.009687009503587
0.44244244244244,0.00941060598425,0.009689312848975
0.44344344344344,0.0094128013198915,0.0096916161943631
0.44444444444444,0.0094149105184211,0.0096938292493351
0.44544544544545,0.0094169816924597,0.0096960024463756
0.44644644644645,0.0094190528664983,0.0096981756434161
0.44744744744745,0.0094210535737007,0.0097002749606302
0.44844844844845,0.0094230015270421,0.0097023189689032
0.44944944944945,0.0094249494803834,0.009704362977176301
0.45045045045045,0.0094268423813012,0.0097063492557395
0.45145145145145,0.0094286679959236,0.0097082649757685
0.45245245245245,0.0094304936105459,0.0097101806957975
0.45345345345345,0.0094322793528325,0.0097120545974639
0.45445445445445,0.0094339834517648,0.0097138428710546
0.45545545545546,0.009435687550697,0.0097156311446453
0.45645645645646,0.0094373667447621,0.0097173932940022
0.45745745745746,0.0094389500928228,0.0097190549046408
0.45845845845846,0.0094405334408835,0.0097207165152794
0.45945945945946,0.0094421066602295,0.0097223674999559
0.46046046046046,0.0094435699642648,0.009723903173264799
0.46146146146146,0.0094450332683002,0.009725438846573701
0.46246246246246,0.0094464965723355,0.0097269745198827
0.46346346346346,0.0094478449595658,0.0097283896217223
0.46446446446446,0.0094491888695181,0.009729800025972101
0.46546546546547,0.0094505327794703,0.0097312104302221
0.46646646646647,0.0094517768224248,0.0097325160441939
0.46746746746747,0.0094530019314875,0.009733801790864
0.46846846846847,0.0094542270405502,0.009735087537534099
0.46946946946947,0.0094553671478899,0.0097362840856839
0.47047047047047,0.0094564739936858,0.009737445730065
0.47147147147147,0.0094575808394816,0.0097386073744461
0.47247247247247,0.0094586173849371,0.0097396952435527
0.47347347347347,0.009459606450058,0.009740733285379699
0.47447447447447,0.0094605955151789,0.0097417713272068
0.47547547547548,0.0094615288380792,0.0097427508691148
0.47647647647648,0.0094624005511568,0.009743665753217499
0.47747747747748,0.0094632722642343,0.0097445806373203
0.47847847847848,0.0094641026698763,0.009745452169274
0.47947947947948,0.0094648574061451,0.0097462442862292
0.48048048048048,0.009465612142414,0.0097470364031845
0.48148148148148,0.0094663399025299,0.0097478002081591
0.48248248248248,0.0094669779851641,0.009748469894928101
0.48348348348348,0.0094676160677984,0.009749139581697
0.48448448448448,0.0094682414211477,0.0097497959087214
0.48548548548549,0.0094687631217486,0.0097503434492538
0.48648648648649,0.0094692848223495,0.009750890989786301
0.48748748748749,0.0094698065229504,0.0097514385303187
0.48848848848849,0.0094702135144088,0.009751865680039
0.48948948948949,0.0094706190538526,0.0097522913058249
0.49049049049049,0.0094710245932965,0.0097527169316109
0.49149149149149,0.0094713297288912,0.0097530371803342
0.49249249249249,0.0094716192783289,0.0097533410708852
0.49349349349349,0.0094719088277666,0.0097536449614364
0.49449449449449,0.0094721122001162,0.0097538584065527
0.4954954954955,0.0094722858812,0.0097540406897966
0.4964964964965,0.0094724595622839,0.0097542229730404
0.4974974974975,0.0094725612330599,0.009754329679398299
0.4984984984985,0.0094726191186738,0.0097543904319712
0.4994994994995,0.0094726770042878,0.0097544511845442
0.5005005005005,0.0094726770042957,0.0097544511845442
0.5015015015015,0.0094726191186975,0.0097543904319712
0.5025025025025,0.0094725612330994,0.0097543296793984
0.5035035035035,0.009472459562318,0.0097542229730404
0.5045045045045,0.009472285881194,0.0097540406897966
0.50550550550551,0.00947211220007,0.0097538584065528
0.50650650650651,0.0094719088276951,0.0097536449614364
0.50750750750751,0.0094716192782746,0.0097533410708852
0.50850850850851,0.0094713297288542,0.0097530371803342
0.50950950950951,0.0094710245932737,0.0097527169316109
0.51051051051051,0.0094706190538244,0.009752291305825
0.51151151151151,0.0094702135143752,0.009751865680039
0.51251251251251,0.0094698065229118,0.0097514385303188
0.51351351351351,0.009469284822338,0.0097508909897864
0.51451451451451,0.0094687631217642,0.0097503434492538
0.51551551551552,0.0094682414211904,0.0097497959087214
0.51651651651652,0.0094676160678469,0.009749139581697
0.51751751751752,0.009466977985216,0.0097484698949282
0.51851851851852,0.009466339902585,0.0097478002081592
0.51951951951952,0.0094656121424385,0.009747036403184601
0.52052052052052,0.0094648574061288,0.0097462442862293
0.52152152152152,0.0094641026698191,0.0097454521692741
0.52252252252252,0.0094632722641938,0.0097445806373204
0.52352352352352,0.0094624005511645,0.0097436657532176
0.52452452452452,0.0094615288381351,0.0097427508691148
0.52552552552553,0.0094605955152325,0.0097417713272069
0.52652652652653,0.0094596064500636,0.0097407332853798
0.52752752752753,0.0094586173848946,0.0097396952435528
0.52852852852853,0.0094575808394179,0.0097386073744462
0.52952952952953,0.0094564739936404,0.0097374457300651
0.53053053053053,0.0094553671478629,0.009736284085684
0.53153153153153,0.0094542270405332,0.0097350875375342
0.53253253253253,0.0094530019314592,0.009733801790864
0.53353353353353,0.0094517768223851,0.009732516044194
0.53453453453453,0.0094505327794262,0.0097312104302222
0.53553553553554,0.0094491888695066,0.009729800025972301
0.53653653653654,0.009447844959587,0.0097283896217224
0.53753753753754,0.0094464965723855,0.0097269745198829
0.53853853853854,0.0094450332682822,0.009725438846574
0.53953953953954,0.009443569964179,0.009723903173265
0.54054054054054,0.0094421066600758,0.009722367499956
0.54154154154154,0.009440533440794,0.0097207165152796
0.54254254254254,0.0094389500928098,0.009719054904641
0.54354354354354,0.0094373667448256,0.0097173932940024
0.54454454454454,0.0094356875507643,0.0097156311446454
0.54554554554555,0.0094339834518168,0.0097138428710548
0.54654654654655,0.0094322793528694,0.009712054597464
0.54754754754755,0.0094304936105791,0.0097101806957976
0.54854854854855,0.0094286679959585,0.0097082649757686
0.54954954954955,0.009426842381338,0.0097063492557396
0.55055055055055,0.009424949480395,0.0097043629771764
0.55155155155155,0.0094230015270063,0.0097023189689034
0.55255255255255,0.0094210535736177,0.0097002749606304
0.55355355355355,0.0094190528664081,0.0096981756434162
0.55455455455455,0.0094169816924158,0.0096960024463758
0.55555555555556,0.0094149105184234,0.0096938292493352
0.55655655655656,0.0094128013199246,0.0096916161943632
0.55755755755756,0.0094106059842782,0.0096893128489752
0.55855855855856,0.0094084106486318,0.0096870095035871
0.55955955955956,0.0094061922362064,0.0096846819742342
0.56056056056056,0.0094038717383689,0.0096822474615792
0.56156156156156,0.0094015512405314,0.0096798129489242
0.56256256256256,0.0093992228537966,0.0096773701709093
0.56356356356356,0.0093967761336026,0.009674803412497499
0.56456456456456,0.0093943294134085,0.0096722366540856
0.56556556556557,0.0093918826932144,0.0096696698956738
0.56656656656657,0.0093893161915133,0.0096669776729317
0.56756756756757,0.0093867421288532,0.0096642775305143
0.56856856856857,0.0093841680661931,0.009661577388097
0.56956956956957,0.0093814887757588,0.0096587670565282
0.57057057057057,0.0093787861906264,0.0096559323319412
0.57157157157157,0.0093760836054939,0.009653097607354099
0.57257257257257,0.0093732905920619,0.0096501682189959
0.57357357357357,0.0093704582443471,0.009647197654019701
0.57457457457457,0.0093676258966323,0.0096442270890434
0.57557557557558,0.0093647181879022,0.009641177657754
0.57657657657658,0.0093617547775521,0.0096380699339723
0.57757757757758,0.0093587913672019,0.0096349622101906
0.57857857857858,0.0093557679527275,0.0096317917115669
0.57957957957958,0.0093526721194825,0.0096285454502029
0.58058058058058,0.0093495762862375,0.0096252991888391
0.58158158158158,0.0093464361174466,0.0096220065601173
0.58258258258258,0.0093432064410438,0.0096186203218239
0.58358358358358,0.0093399767646411,0.0096152340835305
0.58458458458458,0.0093367187548128,0.009611818223463601
0.58558558558559,0.0093333537545866,0.0096082905080423
0.58658658658659,0.0093299887543603,0.0096047627926211
0.58758758758759,0.0093266117784502,0.009601222561326101
0.58858858858859,0.0093231099132661,0.0095975518073483
0.58958958958959,0.0093196080480819,0.0095938810533705
0.59059059059059,0.0093161061828978,0.0095902102993927
0.59159159159159,0.0093124706103945,0.0095863998564449
0.59259259259259,0.0093088302780836,0.009582584440750599
0.59359359359359,0.0093051899457728,0.0095787690250563
0.59459459459459,0.0093014313781021,0.0095748301288645
0.5955955955956,0.0092976509149943,0.009570868365913901
0.5965965965966,0.0092938704518865,0.009566906602963299
0.5975975975976,0.0092899875856748,0.0095628379332189
0.5985985985986,0.0092860652654533,0.0095587280742768
0.5995995995996,0.0092821429452318,0.0095546182153346
0.6006006006006,0.0092781344365353,0.0095504184110388
0.6016016016016,0.0092740684688555,0.0095461586431738
0.6026026026026,0.0092700025011757,0.0095418988753088
0.6036036036036,0.009265866965943,0.0095375665341661
0.6046046046046,0.0092616554974989,0.009533154979053599
0.60560560560561,0.0092574440290549,0.009528743423941199
0.60660660660661,0.0092531800385996,0.0095242771016738
0.60760760760761,0.0092488211399487,0.0095197118141964
0.60860860860861,0.0092444622412977,0.0095151465267191
0.60960960960961,0.0092400683271218,0.0095105447363012
0.61061061061061,0.0092355600288973,0.0095058237029443
0.61161161161161,0.0092310517306728,0.0095011026695874
0.61261261261261,0.0092265263877505,0.0094963638804011
0.61361361361361,0.0092218665811002,0.009491485017449399
0.61461461461461,0.0092172067744499,0.0094866061544978
0.61561561561562,0.0092125469677996,0.009481727291546201
0.61661661661662,0.0092077349399013,0.0094766899429541
0.61761761761762,0.0092029214714233,0.0094716510944979
0.61861861861862,0.0091981080029454,0.009466612246041799
0.61961961961962,0.0091931597768412,0.009461432472626199
0.62062062062062,0.0091881911916712,0.0094562314083894
0.62162162162162,0.0091832226065013,0.0094510303441526
0.62262262262262,0.0091781330831519,0.009445706401981701
0.62362362362362,0.009173002572386,0.009440340814988001
0.62462462462462,0.0091678720616202,0.0094349752279943
0.62562562562563,0.0091626489738716,0.0094295053229304
0.62662662662663,0.0091573703399334,0.009423972827024401
0.62762762762763,0.0091520917059952,0.0094184403311182
0.62862862862863,0.009146722760529,0.0094128226174826
0.62962962962963,0.0091412646254174,0.0094071207447226
0.63063063063063,0.0091358064903057,0.0094014188719626
0.63163163163163,0.009130253889,0.009395651451156799
0.63263263263263,0.0091245479737073,0.0093897776490968
0.63363363363363,0.0091188420584146,0.009383903847036799
0.63463463463463,0.0091132519694864,0.009377984766125601
0.63563563563564,0.0091079926136711,0.0093719363950003
0.63663663663664,0.0091027332578559,0.009365888023875
0.63763763763764,0.0090972284190728,0.009359815274130599
0.63863863863864,0.0090901837325821,0.0093535896039569
0.63963963963964,0.0090831390460913,0.0093473639337832
0.64064064064064,0.0090760689033748,0.0093411354491997
0.64164164164164,0.009067395018437,0.009334729656804
0.64264264264264,0.0090587211334991,0.0093283238644083
0.64364364364364,0.0090500472485612,0.0093219180720125
0.64464464464464,0.0090519837485207,0.0093153486861641
0.64564564564565,0.0090551816229085,0.0093087598521429
0.64664664664665,0.0090583794972964,0.0093021710181219
0.64764764764765,0.0090475211796643,0.009295438568759501
0.64864864864865,0.0090325086028523,0.0092886636743771
0.64964964964965,0.0090174960260402,0.0092818887799948
0.65065065065065,0.0090087801675909,0.0092749909175761
0.65165165165165,0.0090034548497985,0.009268026841599199
0.65265265265265,0.0089981295320062,0.0092610627656224
0.65365365365365,0.0089926217839648,0.0092539970738766
0.65465465465465,0.0089869510361151,0.0092468405893431
0.65565565565566,0.0089812802882654,0.0092396841048097
0.65665665665666,0.0089749463645698,0.0092324480990521
0.65765765765766,0.0089676431838686,0.009225095869967
0.65865865865866,0.0089603400031674,0.0092177436408818
0.65965965965966,0.0089530322811019,0.0092103347662961
0.66066066066066,0.0089457131307679,0.0092027833442419
0.66166166166166,0.0089383939804339,0.0091952319221877
0.66266266266266,0.0089310600225283,0.0091876475520723
0.66366366366366,0.0089236497486768,0.0091798933727184
0.66466466466466,0.0089162394748253,0.009172139193364601
0.66566566566567,0.0089088202899117,0.0091643766273387
0.66666666666667,0.0089011906668396,0.0091564160068256
0.66766766766767,0.0088935610437675,0.009148455386312499
0.66866866866867,0.0088859314206954,0.0091404947657995
0.66966966966967,0.0088781043838547,0.0091323409796443
0.67067067067067,0.0088702598886535,0.009124170110813401
0.67167167167167,0.0088624153934523,0.0091159992419825
0.67267267267267,0.0088544049073311,0.009107657696283598
0.67367367367367,0.0088463521097989,0.0090992726447164
0.67467467467467,0.0088382993122668,0.009090887593149199
0.67567567567568,0.0088301029255987,0.0090823552237703
0.67667667667668,0.0088218374034207,0.0090737519235932
0.67767767767768,0.0088135718812428,0.0090651486234161
0.67867867867868,0.0088051856059555,0.0090564222803504
0.67967967967968,0.0087967017730713,0.009047596529753399
0.68068068068068,0.0087882179401871,0.0090387707791562
0.68168168168168,0.0087796378368449,0.009029847224081601
0.68268268268268,0.0087709307681159,0.0090207946804929
0.68368368368368,0.0087622236993869,0.0090117421369042
0.68468468468468,0.0087534460532638,0.009002618040583998
0.68568568568569,0.0087445108555845,0.008993334215438801
0.68668668668669,0.0087355756579051,0.0089840503902935
0.68768768768769,0.0087265967239013,0.0089747223298066
0.68868868868869,0.0087174282658251,0.0089652025828395
0.68968968968969,0.0087082598077489,0.008955682835872399
0.69069069069069,0.0086990756882263,0.0089461472916526
0.69169169169169,0.0086896685795376,0.0089363868246465
0.69269269269269,0.008680261470849,0.0089266263576404
0.69369369369369,0.0086708543621604,0.0089168658906343
0.69469469469469,0.0086612166623654,0.0089068735602268
0.6956956956957,0.0086515652187295,0.0088968674101463
0.6966966966967,0.0086419137750937,0.0088868612600659
0.6976976976977,0.0086320565516495,0.008876648968547899
0.6986986986987,0.0086221547295397,0.008866391999988399
0.6996996996997,0.0086122529074299,0.008856135031428899
0.7007007007007,0.0086021713515519,0.0088456987686816
0.7017017017017,0.0085920127669162,0.0088351856655681
0.7027027027027,0.0085818541822804,0.008824672562454599
0.7037037037037,0.0085715433977265,0.008814008198477899
0.7047047047047,0.0085611215483674,0.0088032334549525
0.70570570570571,0.0085506996990083,0.0087924587114271
0.70670670670671,0.0085401548948206,0.008781561991273699
0.70770770770771,0.0085294635554263,0.0087705199017143
0.70870870870871,0.0085187722160319,0.0087594778121551
0.70970970970971,0.0085079888630303,0.0087483443505073
0.71071071071071,0.0084970223427546,0.008737028998627501
0.71171171171171,0.0084860558224788,0.0087257136467477
0.71271271271271,0.0084750296453894,0.0087143389221257
0.71371371371371,0.0084637823871674,0.008702744169105901
0.71471471471471,0.0084525351289454,0.0086911494160859
0.71571571571572,0.0084412618059404,0.0086795287646731
0.71671671671672,0.0084297269363194,0.0086676482362812
0.71771771771772,0.0084181920666985,0.008655767707889301
0.71871871871872,0.0084066571970775,0.0086438871794975
0.71971971971972,0.0083948335425331,0.0086317233896213
0.72072072072072,0.0083830005723459,0.0086195504622779
0.72172172172172,0.0083711676021587,0.008607377534934499
0.72272272272272,0.0083590684545119,0.0085949511489858
0.72372372372372,0.0083469211788374,0.0085824789347283
0.72472472472472,0.0083347739031628,0.0085700067204709
0.72572572572573,0.0083223826896996,0.008557312326016
0.72672672672673,0.0083098989481096,0.0085445336563138
0.72772772772773,0.0082974152065197,0.0085317549866116
0.72872872872873,0.0082847134751937,0.0085187869827427
0.72972972972973,0.0082718682998446,0.0085056943911061
0.73073073073073,0.0082590231244955,0.0084926017994695
0.73173173173173,0.00824599400556,0.0084793543872801
0.73273273273273,0.0082327666097719,0.0084659400905989
0.73373373373373,0.0082195392139837,0.0084525257939178
0.73473473473473,0.0082061719267068,0.0084389929664551
0.73573573573574,0.0081925552676455,0.0084252488449903
0.73673673673674,0.0081789386085842,0.0084115047235255
0.73773773773774,0.008165233275887,0.0083976802551939
0.73873873873874,0.008151243254148,0.008383597831131899
0.73973973973974,0.0081372532324091,0.00836951540707
0.74074074074074,0.0081232251151979,0.0083553928424628
0.74174174174174,0.0081089056191039,0.0083409632569283
0.74274274274274,0.0080945861230099,0.0083265336713938
0.74374374374374,0.0080802666269159,0.0083121040858593
0.74474474474474,0.0080656886960939,0.0082973203019272
0.74574574574575,0.0080511091398961,0.008282534290332301
0.74674674674675,0.0080365295836984,0.008267748278737299
0.74774774774775,0.0080217959448613,0.0082526430538133
0.74874874874875,0.0080070396630557,0.008237490919403699
0.74974974974975,0.0079922833812501,0.0082223387849941
0.75075075075075,0.0079774525600157,0.00820690444047
0.75175175175175,0.0079625968923051,0.0081913760259077
0.75275275275275,0.0079477412245945,0.0081758476113455
0.75375375375375,0.0079328522786139,0.008160076157232701
0.75475475475475,0.0079179436305731,0.0081441608140328
0.75575575575576,0.0079030349825322,0.0081282454708329
0.75675675675676,0.0078880946899273,0.0081121285889068
0.75775775775776,0.0078731235341057,0.0080958151445191
0.75875875875876,0.0078581523782841,0.0080795017001315
0.75975975975976,0.0078431244811794,0.008063030726063899
0.76076076076076,0.0078280057057596,0.0080463074483624
0.76176176176176,0.0078128869303399,0.008029584170661
0.76276276276276,0.0077976846600893,0.008012750075069
0.76376376376376,0.0077822478091238,0.007995604633974699
0.76476476476476,0.0077668109581583,0.0079784591928805
0.76576576576577,0.0077512938002114,0.0079612525612108
0.76676676676677,0.0077352858773786,0.0079436719871347
0.76776776776777,0.0077192779545458,0.0079260914130587
0.76876876876877,0.0077032533267927,0.007908502424223
0.76976976976977,0.0076863544748794,0.0078904730629655
0.77077077077077,0.007669455622966,0.007872443701708101
0.77177177177177,0.0076525567710526,0.0078544143404507
0.77277277277277,0.0076345358760229,0.0078359695690656
0.77377377377377,0.0076163859655825,0.0078174770327528
0.77477477477477,0.0075982360551421,0.007798984496440099
0.77577577577578,0.0075788324555493,0.0077801212387848
0.77677677677678,0.0075590648816865,0.007761150352352499
0.77777777777778,0.0075392973078236,0.007742179465920199
0.77877877877878,0.007518253290924,0.007722885693487001
0.77977977977978,0.0074965313545169,0.0077034204361443
0.78078078078078,0.0074748094181097,0.0076839551788016
0.78178178178178,0.0074519044556366,0.0076642182924578
0.78278278278278,0.0074279556466347,0.0076442417334662
0.78378378378378,0.0074040068376328,0.0076242651744745996
0.78478478478478,0.0073790726579761,0.007604071968905
0.78578578578579,0.0073527168366879,0.0075835661968985
0.78678678678679,0.0073263610153997,0.007563060424892
0.78778778778779,0.0072992934793362,0.007542397050255999
0.78878878878879,0.0072704621283947,0.007521343095190201
0.78978978978979,0.0072416307774532,0.0075002891401242
0.79079079079079,0.0072123980293041,0.0074791410606565994
0.79179179179179,0.0071811431480519,0.0074575188073148
0.79279279279279,0.0071498882667998,0.0074358965539732
0.79379379379379,0.007118534837047,0.007414248503230999
0.79479479479479,0.0070850274186376,0.007392036595017799
0.7957957957958,0.0070515200002282,0.0073698246868046
0.7967967967968,0.0070180125818188,0.0073476127785914
0.7977977977978,0.0069826859333473,0.007324836350740301
0.7987987987988,0.0069472051128366,0.007302012082242
0.7997997997998,0.0069117242923259,0.0072791878137438
0.8008008008008,0.0068749599503933,0.007255854317235801
0.8018018018018,0.0068378747281052,0.007232393513725401
0.8028028028028,0.0068007895058171,0.007208932710215101
0.8038038038038,0.0067629116334269,0.0071850227744624
0.8048048048048,0.0067246575261956,0.0071608996561246
0.80580580580581,0.0066864034189643,0.0071367765377866
0.80680680680681,0.0066477639335989,0.00711226968843
0.80780780780781,0.0066088170117446,0.0070874567165754
0.80880880880881,0.0065698700898903,0.0070626437447206
0.80980980980981,0.0065308352141226,0.007037518315516
0.81081081081081,0.0064916858084387,0.007011986017388
0.81181181181181,0.0064525364027548,0.006986453719260199
0.81281281281281,0.0064134736843417,0.0069606867542659
0.81381381381381,0.0063746016779239,0.006934403522165801
0.81481481481481,0.0063357296715062,0.006908120290065599
0.81581581581582,0.0062969958960718,0.006881687434761001
0.81681681681682,0.006258849035796,0.006854619294047801
0.81781781781782,0.0062207021755203,0.0068275511533344
0.81881881881882,0.0061826325217691,0.006800426533099
0.81981981981982,0.0061456086654859,0.006772536872062199
0.82082082082082,0.0061085848092026,0.006744647211025199
0.82182182182182,0.0060715609529194,0.006716757549988401
0.82282282282282,0.0060359172390042,0.0066880525476958
0.82382382382382,0.0060003509588193,0.0066593018001841996
0.82482482482482,0.0059647846786343,0.0066305510526726
0.82582582582583,0.0059306372578518,0.006601054518630799
0.82682682682683,0.0058967908072456,0.0065713997874464
0.82782782782783,0.0058629443566394,0.0065417450562622
0.82882882882883,0.0058304370405641,0.006511421889665201
0.82982982982983,0.0057984951368463,0.0064808164947832
0.83083083083083,0.0057665532331285,0.006450211099901
0.83183183183183,0.0057357794794227,0.0064190234814675996
0.83283283283283,0.0057058472961557,0.0063874164116584
0.83383383383383,0.0056759151128886,0.0063558093418494
0.83483483483483,0.005646919676136,0.0063237163950291995
0.83583583583584,0.0056190266689549,0.0062910516337672
0.83683683683684,0.0055911336617737,0.006258386872505401
0.83783783783784,0.0055639178455638,0.006225344262055401
0.83883883883884,0.0055380313301493,0.006191559947644
0.83983983983984,0.0055121448147348,0.006157775633232601
0.84084084084084,0.0054866741280829,0.0061237350869851005
0.84184184184184,0.0054627160938862,0.0060887624510147995
0.84284284284284,0.0054387580596895,0.0060537898150446
0.84384384384384,0.005414970066397,0.0060186985516656
0.84484484484484,0.0053928258018449,0.005982460556670401
0.84584584584585,0.0053706815372929,0.005946222561675001
0.84684684684685,0.0053485372727409,0.0059099845666797995
0.84784784784785,0.0053280134838047,0.0058724321664596
0.84884884884885,0.0053075365896613,0.0058348417287893
0.84984984984985,0.0052870596955178,0.005797251291118999
0.85085085085085,0.0052678642185258,0.0057584267114693995
0.85185185185185,0.0052488948739722,0.005719384342058599
0.85285285285285,0.0052299255294186,0.0056803419726480005
0.85385385385385,0.0052119550485015,0.005640158617983599
0.85485485485485,0.005194357533835,0.0055995492301989
0.85585585585586,0.0051767600191685,0.0055589398424142
0.85685685685686,0.0051599452018273,0.0055172985489308
0.85785785785786,0.0051436387342954,0.0054749870486536
0.85885885885886,0.0051273322667634,0.005432675548376301
0.85985985985986,0.0051116322413103,0.0053894614410185
0.86086086086086,0.0050965777832315,0.0053452864938652
0.86186186186186,0.0050815233251526,0.005301111546712
0.86286286286286,0.0050669077282203,0.0052561898286342
0.86386386386386,0.00505306392158,0.0052099548237583004
0.86486486486486,0.0050392201149398,0.0051637198188823
0.86586586586587,0.0050256512794795,0.0051169300738018
0.86686686686687,0.0050129502102109,0.0050683896550889
0.86786786786787,0.0050002491409423,0.005019849236376
0.86886886886887,0.004987673431388,0.0049709976604805
0.86986986986987,0.0049760280228713,0.0049198369707559
0.87087087087087,0.0049643826143546,0.0048686762810313
0.87187187187187,0.0049527372058379,0.0048175155913067
0.87287287287287,0.0049420759016428,0.004763326742220199
0.87387387387387,0.0049314176824142,0.004709128400471101
0.87487487487487,0.0049207594631856,0.004654930058722
0.87587587587588,0.0049108666332673,0.0045975703036764
0.87687687687688,0.0049010831446791,0.0045397589181599
0.87787787787788,0.0048912996560908,0.0044819475326435005
0.87887887887888,0.0,0.0044207914230869
0.87987987987988,0.0,0.0043585389102143
0.88088088088088,0.0,0.0042962863973418
0.88188188188188,0.0,0.0042304304101747
0.88288288288288,0.0,0.0041624694231723
0.88388388388388,0.0,0.004094508436169901
0.88488488488488,0.0,0.0040226078200497
0.88588588588589,0.0,0.0039469125918347
0.88688688688689,0.0,0.0038712173636195
0.88788788788789,0.0,0.0037910928386916004
0.88888888888889,0.0,0.0037039671673465
0.88988988988989,0.0,0.0036168414960015003
0.89089089089089,0.0,0.0035249816375385002
0.89189189189189,0.0,0.0034200331441024997
0.89289289289289,0.0,0.0033150846506662997
0.89389389389389,0.0,0.0032050108633493004
0.89489489489489,0.0,0.0030644081516116996
0.8958958958959,0.0,0.0029238054398741
0.8968968968969,0.0,0.0027822191629665
0.8978978978979,0.0,0.0025966534720283
0.8988988988989,0.0,0.0024110877810901
0.8998998998999,0.0,0.0022255220901519
0.9009009009009,0.0,0.0020384098939227003
0.9019019019019,0.0,0.0018511258637721002
0.9029029029029,0.0,0.0016638418336215
0.9039039039039,0.0,0.0015199738269441
0.9049049049049,0.0,0.0013884854896103003
0.90590590590591,0.0,0.0012569971522764997
0.90690690690691,0.0,0.0011552475177679005
0.90790790790791,0.0,0.0010690752990249004
0.90890890890891,0.0,0.0009829030802820998
0.90990990990991,0.0,0.0009114223617363
0.91091091091091,0.0,0.0008527430088593
0.91191191191191,0.0,0.0007940636559823
0.91291291291291,0.0,0.0007424197834738997
0.91391391391391,0.0,0.0007007961405814996
0.91491491491491,0.0,0.0006591724976889
0.91591591591592,0.0,0.0006207398841006004
0.91691691691692,0.0,0.0005900961269860996
0.91791791791792,0.0,0.0005594523698717003
0.91891891891892,0.0,0.0005300579785072999
0.91991991991992,0.0,0.0005068178702822002
0.92092092092092,0.0,0.0004835777620571004
0.92192192192192,0.0,0.0004605824410871002
0.92292292292292,0.0,0.00044256446097189987
0.92392392392392,0.0,0.00042454648085660067
0.92492492492492,0.0,0.0004065285007413995
0.92592592592593,0.0,0.00039206274817429974
0.92692692692693,0.0,0.0003778850140570998
0.92792792792793,0.0,0.0003637072799398998
0.92892892892893,0.0,0.0003518862986718
0.92992992992993,0.0,0.0003406430428101997
0.93093093093093,0.0,0.00032939978694859935
0.93193193193193,0.0,0.00031974515290450044
0.93293293293293,0.0,0.00031083381897690013
0.93393393393393,0.0,0.0003019224850492998
0.93493493493493,0.0,0.0002940741289425997
0.93593593593594,0.0,0.0002870630905607999
0.93693693693694,0.0,0.0002800520521790001
0.93793793793794,0.0,0.00027365442802599997
0.93893893893894,0.0,0.00026804547931010003
0.93993993993994,0.0,0.0002624365305942001
0.94094094094094,0.0,0.00025714220491039955
0.94194194194194,0.0,0.0002525300816428001
0.94294294294294,0.0,0.00024791795837499943
0.94394394394394,0.0,0.0002434444035882997
0.94494494494494,0.0,0.00023954747248020047
0.94594594594595,0.0,0.00023565054137220012
0.94694694694695,0.0,0.00023179060489340007
0.94794794794795,0.0,0.00022840838167000055
0.94894894894895,0.0,0.0002250261584465993
0.94994994994995,0.0,0.00022164393522319976
0.95095095095095,0.0,0.00021861088532020012
0.95195195195195,0.0,0.0002155962129603995
0.95295295295295,0.0,0.00021258154060080012
0.95395395395395,0.0,0.0002097787952723999
0.95495495495495,0.0,0.00020702003479959943
0.95595595595596,0.0,0.00020426127432679984
0.95695695695696,0.0,0.00020162127029679962
0.95795795795796,0.0,0.00019903066053950005
0.95895895895896,0.0,0.00019644005078220048
0.95995995995996,0.0,0.00019390579633679975
0.96096096096096,0.0,0.00019141162347660005
0.96196196196196,0.0,0.00018891745061659984
0.96296296296296,0.0,0.0001864396187544002
0.96396396396396,0.0,0.00018398077778200052
0.96496496496496,0.0,0.0001815219368093996
0.96596596596597,0.0,0.00017905659535480054
0.96696696696697,0.0,0.00017657867039779993
0.96796796796797,0.0,0.00017410074544079931
0.96896896896897,0.0,0.00017160755959400031
0.96996996996997,0.0,0.00016905987056940047
0.97097097097097,0.0,0.00016651218154500012
0.97197197197197,0.0,0.0001639529589047995
0.97297297297297,0.0,0.00016128621320199953
0.97397397397397,0.0,0.00015861946749919954
0.97497497497497,0.0,0.00015595272179650017
0.97597597597598,0.0,0.00015312124865020024
0.97697697697698,0.0,0.0001502855517233996
0.97797797797798,0.0,0.0001474498547966007
0.97897897897898,0.0,0.0001444253994592002
0.97997997997998,0.0,0.00014136844725280012
0.98098098098098,0.0,0.00013831149504620055
0.98198198198198,0.0,0.0001350514515606003
0.98298298298298,0.0,0.00013171676769020008
0.98398398398398,0.0,0.00012838208381999935
0.98498498498498,0.0,0.00012484008153179973
0.98598598598599,0.0,0.00012116518282190031
0.98698698698699,0.0,0.00011749028411200003
0.98798798798799,0.0,0.00011361515911429993
0.98898898898899,0.0,0.00010952953981399963
0.98998998998999,0.0,0.00010544392051379994
0.99099099099099,0.0,0.00010117857448110022
0.99199199199199,0.0,9.660139488729992e-05
0.99299299299299,0.0,9.202421529349962e-05
0.99399399399399,0.0,8.730432729550045e-05
0.99499499499499,0.0,8.21416773260997e-05
0.995995995996,0.0,7.697902735660008e-05
0.996996996997,0.0,7.173158062289981e-05
0.997997997998,0.0,6.587316233229966e-05
0.998998998999,0.0,6.0014744041700374e-05
1.0,0.0,5.415632575110022e-05
